Postcode,Location,Company Name,Phone,URL,Category,County,Town/Area,Region
AL1,"120 London Rd, St Albans, AL1 1NX, United Kingdom",Alban Accounting Ltd,+44 7481 590398,https://albanaccountingltd.carrd.co/,Accounting firm,,St Albans,St Albans
AL1,"65 London Rd, St Albans, AL1 1LJ, United Kingdom",Gilberts Chartered Accountants & Business Advisers,+44 1727 220880,https://gilberts.uk.com/,Accounting firm,,St Albans,St Albans
AL1,"68 London Rd, St Albans, AL1 1NG, United Kingdom",Roy Pinnock & Co LLP,+44 1727 840361,https://www.pinnockco.co.uk/,Accounting firm,,St Albans,St Albans
AL1,"Fountain Court, Victoria Square, St Albans AL1 3TF, United Kingdom",TaxAssist Accountants,+44 1727 899200,https://www.taxassist.co.uk/accountants/st-albans/?utm_source=google&utm_medium=google_my_business&utm_campaign=local,Accounting firm,,St Albans,St Albans
AL1,"4 Victoria Square, St Albans, AL1 3TF, United Kingdom",Moore Kingston Smith LLP Accountants & Business Advisers,+44 20 4582 1000,https://mooreks.co.uk/,Accounting firm,,St Albans,St Albans
AL1,"Herts, 72 London Rd, St Albans AL1 1NS, United Kingdom",Mercer & Hole - Chartered Accountants in St Albans,+44 1727 869141,https://www.mercerhole.co.uk/contact/chartered-accountants-in-st-albans/,Accounting firm,,St Albans,St Albans
AL1,"2nd Floor, 4 Beaconsfield Rd, St Albans AL1 3RD, United Kingdom",Moore Kingston Smith LLP Accountants & Business Advisers,+44 20 4582 1000,https://mooreks.co.uk/,Accounting firm,,St Albans,St Albans
AL1,"2 Victoria Square, Victoria St, St Albans AL1 3TF, United Kingdom",Connected Accounting Ltd,+44 1727 537160,http://www.connectedaccounting.co.uk/,Accounting firm,,St Albans,St Albans
AL1,"45, 17 Holywell Hill, St Albans AL1 1DT, United Kingdom",NAS St Albans Accountants,+44 845 680 1817,http://www.nasaccountants.co.uk/,Accounting firm,,St Albans,St Albans
AL1,"Faulkner House, Victoria St, St Albans AL1 3SE, United Kingdom",Chartered Accountants in St Albans - Rayner Essex LLP,+44 1727 833222,http://www.rayneressex.com/?utm_source=google&utm_medium=organic&utm_campaign=gmb_website_button&utm_content=st-albans-branch,Accounting firm,,St Albans,St Albans
AL1,"17 Holywell Hill, St Albans, AL1 1DT, United Kingdom",Wrensfield Ltd,+44 330 020 0497,http://www.wrensfield.co.uk/,Accounting firm,,St Albans,St Albans
AL1,"Office 16, Redfern House, 105 Ashley Rd, St Albans AL1 5DE, United Kingdom",Alam & Alam Accountants,+44 1727 223979,https://alamandalam.co.uk/,Accounting firm,,St Albans,St Albans
AL1,"258 Hatfield Rd, St Albans, AL1 4UN, United Kingdom",Blackwater Accountants and Tax Advisers,+44 1727 851574,http://www.blackwateraccountants.co.uk/,Accounting firm,,St Albans,St Albans
AL1,"First Floor, New Barnes Mill, Cottonmill Ln, St Albans AL1 2HA, United Kingdom","Town & Forest, Chartered Accountants & Statutory Auditors",+44 20 8438 9907,http://www.townandforest.co.uk/,Accounting firm,,St Albans,St Albans
AL1,"Censeo House, 6 St Peter's St, St Albans AL1 3LF, United Kingdom",Vine Accounting & Tax Ltd,+44 1727 576029,http://vineaccountingandtax.co.uk/,Accounting firm,,St Albans,St Albans
AL1,"Censeo House, 6 St Peter's St, St Albans AL1 3LF, United Kingdom",ProtiQ Accountants Ltd,+44 1582 797320,https://protiq.co.uk/,Accounting firm,,St Albans,St Albans
AL1,"Churchill House, 26-30 Upper Marlborough Rd, St Albans AL1 3UU, United Kingdom",Grant Thornton UK LLP,+44 20 7383 5100,http://grantthornton.co.uk/,Accounting firm,,St Albans,St Albans
AL1,"2 Victoria Square, Victoria St, St Albans AL1 3TF, United Kingdom",Connected Accounting Ltd,+44 1727 537160,http://www.connectedaccounting.co.uk/,Accounting Software Company,,St Albans,St Albans
AL1,"68 London Rd, St Albans, AL1 1NG, United Kingdom",Roy Pinnock & Co LLP,+44 1727 840361,https://www.pinnockco.co.uk/,Accounting Software Company,,St Albans,St Albans
AL1,"Fountain Court, Victoria Square, St Albans AL1 3TF, United Kingdom",TaxAssist Accountants,+44 1727 899200,https://www.taxassist.co.uk/accountants/st-albans/?utm_source=google&utm_medium=google_my_business&utm_campaign=local,Accounting Software Company,,St Albans,St Albans
AL1,"17 Holywell Hill, St Albans, AL1 1DT, United Kingdom",Wrensfield Ltd,+44 330 020 0497,http://www.wrensfield.co.uk/,Accounting Software Company,,St Albans,St Albans
AL10,"3rd Floor Suite, James Taylor House, 6 St Albans Rd E, Hatfield AL10 0HE, United Kingdom",AOGpsc Ltd,+44 1707 623944,N/A,Accounting Software Company,,Hatfield,Welwyn Hatfield
